plan,district,perimeter,area,polsby_popper,schwartzberg,reock,convex_hull
everslc_wsa,1,595973.265393087,2419191740.3341,0.08559070399357352,0.29255888978729305,0.08914493650763897,0.5224252809645613
everslc_wsa,10,38209.1979002649,27326517.1814429,0.23521136685499247,0.4849859450076801,0.3020039461943489,0.6636298411802116
everslc_wsa,11,78721.4555985331,77400787.1045217,0.15695277893427426,0.39617266303251447,0.31852228655892806,0.6000193561976457
everslc_wsa,12,48048.9186140636,63799079.65584,0.3472618239393284,0.589289253201964,0.27353910567854295,0.7601471407814027
everslc_wsa,13,65149.1214987453,76229133.9728953,0.22569073045753027,0.47506918491681854,0.3961905409206121,0.6970652914338316
everslc_wsa,14,34198.3955707902,24498035.5618202,0.2632265319023017,0.5130560709145754,0.3342164681488385,0.7080006384441316
everslc_wsa,15,70093.4890068824,66405980.6239387,0.1698484946183624,0.4121267943465487,0.24789857025930606,0.6515825296733885
everslc_wsa,16,22921.5029904948,17864415.5383179,0.4272799295007605,0.6536665277500145,0.467625000296824,0.7941195947102991
everslc_wsa,17,38806.702678152,22666049.2190082,0.1891351311961654,0.4348966902566234,0.2731702387694148,0.568797613962087
everslc_wsa,18,40799.8923415026,23721313.482902,0.1790731868929526,0.42317039935816936,0.20188756606923,0.4938345696795783
everslc_wsa,19,38801.0629342056,16584494.1622082,0.13842828798290782,0.3720595220968115,0.13800819281475182,0.46200107593469986
everslc_wsa,2,220648.909239571,889267580.18211,0.2295296285593373,0.4790925052214209,0.26899777672106223,0.6297578377370144
everslc_wsa,20,63223.09985452,68098886.7830814,0.21409094799639108,0.46269963042603685,0.40465114488865667,0.6438981975741729
everslc_wsa,21,60530.8500000701,67640504.7984802,0.23198673843439976,0.48165001654147144,0.25949875936394395,0.6571715859659671
everslc_wsa,22,107744.317739661,166149389.271929,0.17985390114048722,0.42409185460285276,0.3702325701940432,0.6965836114830878
everslc_wsa,23,115565.869330406,132642964.790794,0.12480583878492307,0.3532786984590538,0.11863582057228551,0.6132308828197115
everslc_wsa,24,199935.350246305,431336891.49684,0.1355961293501101,0.36823379713180876,0.20392884846879916,0.5740449283280464
everslc_wsa,25,185696.235149498,1202436403.9338,0.43819335000899867,0.6619617436143864,0.5791114209317133,0.8079237912862193
everslc_wsa,26,154018.240067739,433688139.199167,0.22974342750899565,0.47931558237657546,0.3810957248652461,0.848513289324905
everslc_wsa,27,189368.699777357,674251187.678877,0.23627359514951152,0.48607982384533455,0.4733645232621969,0.8142499822789311
everslc_wsa,28,339011.690551853,3323551861.39877,0.3633983695815519,0.6028253226114112,0.3314469907961881,0.7507259042221662
everslc_wsa,29,227322.400013131,1568973212.12576,0.3815407487144355,0.6176898483174509,0.31851782319496413,0.8051779501670948
everslc_wsa,3,187410.185584437,389756680.949016,0.1394495287199628,0.37342941598106966,0.3055756576088878,0.6189100606685809
everslc_wsa,30,117562.494499279,536677621.239096,0.4879617329816737,0.6985425777872625,0.3771649456860422,0.8188536736485916
everslc_wsa,31,241860.221059837,950914497.997707,0.20427839732662317,0.45197167757130885,0.48645261395009914,0.767279693443409
everslc_wsa,32,217968.310514597,747426535.029188,0.19769316762405933,0.44462699830763697,0.4157402008308406,0.7132553611917553
everslc_wsa,33,323460.02342791,1337549421.20206,0.16064916569323542,0.4008106357037391,0.3184884273440752,0.5727839602723368
everslc_wsa,34,455427.128462176,7009911793.46934,0.42470231065695935,0.6516918832216335,0.3871919049066822,0.8299127890275784
everslc_wsa,35,404191.377325835,5710071795.23169,0.4392151824503599,0.6627331155528295,0.4775739044110547,0.8350931578084142
everslc_wsa,36,721741.032254768,8715697532.24155,0.21025639864506887,0.4585372380135215,0.4560518725031765,0.7158525356199862
everslc_wsa,37,199124.716612021,566969889.976415,0.17968818336247516,0.4238964299949637,0.2577472166926138,0.6711739495646918
everslc_wsa,38,227153.701823489,1104637631.96934,0.26902340236549077,0.5186746594595603,0.3560869681731781,0.6945019472778575
everslc_wsa,39,268276.022307852,1568088423.57452,0.27378944139372385,0.5232489287076695,0.378743818701447,0.7072433692362913
everslc_wsa,4,82804.4466355284,95693322.493072,0.1753816611474142,0.4187859371414162,0.33151391440317424,0.6218465058298369
everslc_wsa,40,281807.360698682,2569789550.50707,0.4066331284736439,0.637677919073292,0.4531920069655305,0.8399150379548045
everslc_wsa,41,407247.395032747,3023077363.16588,0.22905643402043305,0.4785984057855113,0.33874558433931895,0.6897414627016656
everslc_wsa,42,350310.638479635,2265104153.60456,0.23194840344966258,0.48161021941987747,0.4161116703102391,0.6912013497017329
everslc_wsa,43,337229.857456593,1275467499.6134,0.14093771395727428,0.3754167204018413,0.37884108480628403,0.7023768096187775
everslc_wsa,44,139547.078144104,152848353.475026,0.09863456499536656,0.3140614032245392,0.42397445017500573,0.732113548241644
everslc_wsa,45,179048.642230802,1126042771.80907,0.4413902007046139,0.664372034860449,0.32821255179717945,0.7705811349602607
everslc_wsa,46,170810.770996026,347217581.577889,0.1495481572199466,0.3867145681506537,0.3035002115206756,0.6573155940079598
everslc_wsa,47,145520.310696043,169781254.5047,0.10075169834140818,0.31741408025071627,0.28257056374023676,0.6712770603313167
everslc_wsa,48,52114.2720889989,40974100.2566722,0.18958585765323355,0.4354145813511918,0.2965822904717343,0.6055401209233812
everslc_wsa,49,346287.562562334,3827736607.95525,0.40112351540841384,0.6333431261239154,0.37174702105742913,0.726309485839534
everslc_wsa,5,226669.836208282,870120527.103328,0.21281479481404433,0.46131853942156315,0.4301531734739112,0.728177797943248
everslc_wsa,50,335793.470139797,3524243132.67213,0.3927636009042613,0.6267085454214435,0.5206511709318337,0.7804471444038814
everslc_wsa,51,339533.611179752,4019559450.25097,0.43814995897438735,0.6619289682242252,0.38775702073995644,0.854391543246011
everslc_wsa,52,138748.246199382,466682257.581611,0.30463244037440457,0.5519351776924575,0.24801677619133183,0.732094070698068
everslc_wsa,53,270045.818366825,992831332.65731,0.17108440559958035,0.41362350706842127,0.276658218574642,0.7352665758254654
everslc_wsa,54,76639.1947386646,137068409.395434,0.29325496335180257,0.5415302053919084,0.38542453249071335,0.8683460345479241
everslc_wsa,55,66071.5223014413,100985898.269085,0.2906979509665909,0.539164122477183,0.2699270504404809,0.7757699120064945
everslc_wsa,56,124152.771142571,298206450.862386,0.24311629168351476,0.493068242420372,0.28450604502479093,0.6582373501909303
everslc_wsa,57,41618.087682169,42970076.32156,0.31175379392499664,0.5583491684644982,0.5052569547270003,0.7852644798955429
everslc_wsa,58,141510.284378221,234139719.916534,0.14692948321453211,0.3833138181888726,0.4007803582814104,0.7377439154019054
everslc_wsa,59,330082.174740095,1765688576.84569,0.20364784906362135,0.45127358560370157,0.22979434799638498,0.7561794812044252
everslc_wsa,6,342512.764901344,2827079026.00593,0.30282678751552317,0.5502969993699067,0.3988610553051022,0.7051229721959236
everslc_wsa,60,182067.810380781,688084512.964464,0.2608466770778091,0.5107315117337182,0.4692228638826806,0.885339272243665
everslc_wsa,61,206122.092453897,559962119.63735,0.1656225350332685,0.4069674864571721,0.3535820577932948,0.7983082756975243
everslc_wsa,62,135445.071266149,344197992.819094,0.23577175995496247,0.4855633428863451,0.2696479239094268,0.747153797127157
everslc_wsa,63,125898.483862374,420176525.72812,0.33311995525859356,0.5771654487740873,0.2722679034637072,0.7769368440516231
everslc_wsa,64,124983.221063478,85398356.4084848,0.06869987551087699,0.26210661096370114,0.19153895864564652,0.4768596169948599
everslc_wsa,65,37235.9597640125,26433225.4549478,0.2395713717031137,0.4894602861347525,0.5326756369389498,0.86404151794524
everslc_wsa,66,47637.0019442852,25971212.0026342,0.14381799806032683,0.37923343478697513,0.20847938989329978,0.5098716714188342
everslc_wsa,67,464185.2388819,3781176184.02023,0.22052311898278232,0.4695988915902403,0.3547443345133467,0.7119560509612236
everslc_wsa,68,273453.913242341,1497894095.46914,0.2517228774132031,0.5017199192908361,0.45590255492573006,0.7889013840940973
everslc_wsa,69,305396.136648286,3623712829.36189,0.4882436009084549,0.6987443029524139,0.478902951790413,0.8592549833178774
everslc_wsa,7,35389.1882119712,22152207.7970612,0.22227247203199862,0.471457815750252,0.3245339619725787,0.7162849443772841
everslc_wsa,70,465569.764748508,4666000509.23444,0.2705111116313921,0.5201068271339957,0.2617529693493436,0.7434150364436847
everslc_wsa,71,209990.518537482,1287850681.651,0.3670083998791579,0.6058121820161408,0.4536093190905283,0.8201454065127697
everslc_wsa,72,278990.218711416,2407531333.52793,0.38869043848480217,0.623450429853731,0.4114612503489163,0.8474228428684433
everslc_wsa,73,424729.722777411,5448136149.048,0.3795181127691987,0.6160504141457895,0.48280281372229844,0.773053880749953
everslc_wsa,74,1056758.69398249,13308918698.5681,0.1497617744446196,0.38699066454453346,0.38264080972412606,0.6671876201160838
everslc_wsa,75,315622.815957799,4074727081.34074,0.5140100485351707,0.7169449410764893,0.44809814377834406,0.9036184226436733
everslc_wsa,76,34319.2292257692,36736892.9516649,0.3919559267838101,0.6260638360293701,0.3632336289519828,0.7828053928317406
everslc_wsa,77,103997.710707254,63562698.9209597,0.07385240366265096,0.2717579873023992,0.30008618588409575,0.5900219764938642
everslc_wsa,78,97207.0948672602,42467941.0609676,0.05647745809250352,0.23764986449081663,0.44250641086917797,0.7019103308031255
everslc_wsa,79,211770.801246145,527123157.616831,0.14770316466123626,0.3843216942370496,0.46385347163670476,0.70450378761876
everslc_wsa,8,18620.5632520258,14438169.6982515,0.5232827017368945,0.7233828182483286,0.5136708287954002,0.8574624356200267
everslc_wsa,80,187666.683659892,1057794689.9973,0.37743040899893454,0.614353651408482,0.4486635013588858,0.8179992419135375
everslc_wsa,81,317803.414454717,1800900263.80494,0.22406932603498095,0.47335961597392406,0.3615380917284238,0.7929504296128922
everslc_wsa,82,65226.6533235896,123842721.480083,0.36578859378706324,0.6048045914070619,0.346503090027278,0.8582518169656278
everslc_wsa,83,163280.736802846,357313775.862582,0.16841847144067723,0.410388196029902,0.2510883332043213,0.7018329104132621
everslc_wsa,84,78119.0359632131,105795841.02892,0.21785358395621413,0.466747880505326,0.2226388314896605,0.7575033011555803
everslc_wsa,85,137394.819650881,132979184.608887,0.08852232520836938,0.29752701593026704,0.2390674907948533,0.5341443079417556
everslc_wsa,86,366059.357659558,2478452666.60724,0.23242747626740287,0.4821073285767422,0.40297101493596993,0.8298664226430931
everslc_wsa,87,525239.363849589,8649681279.85069,0.39399928685402186,0.6276936249907448,0.2757386232076446,0.7480343562045754
everslc_wsa,88,65723.3693381564,75992952.9238921,0.2210769912145101,0.4701882508256774,0.34584625277648084,0.6919861098752965
everslc_wsa,89,306253.422896379,1241822406.7471,0.1663824262418137,0.40790001990906266,0.2195116599544969,0.6261915606756563
everslc_wsa,9,36364.0769820194,21945769.4981989,0.20855256730872884,0.4566755602270926,0.2839247387241516,0.6157731277424832
everslc_wsa,90,77046.6963411235,69833197.0036635,0.1478303978789602,0.38448718818571864,0.30654388912170094,0.5103997376463192
everslc_wsa,91,109855.617295173,67158098.9423735,0.06993003094398977,0.2644428689603669,0.3670993944893943,0.689961887779078
everslc_wsa,92,372119.843150805,5031088935.99331,0.45656876825433323,0.6756987259528712,0.37594661860869893,0.8638258307924255
everslc_wsa,93,434388.049616064,3187170511.67437,0.2122557307633672,0.46071219949483344,0.26448383773232487,0.7522091975665994
everslc_wsa,94,222780.615572512,945994377.642745,0.2395210131504348,0.48940884049068306,0.33751424777475075,0.7771138683599573
everslc_wsa,95,211472.630420123,490855664.316999,0.13792892022164574,0.3713878299320614,0.33150324198939474,0.7392946535535008
everslc_wsa,96,417906.499125297,4378168088.26105,0.31502429245084773,0.5612702490341419,0.35699505718216124,0.7661434050236137
everslc_wsa,97,147907.800582926,256975759.982458,0.14761138835341883,0.3842022753100492,0.23224160436374752,0.5206703659411349
everslc_wsa,98,73687.834954531,123090194.341255,0.28486672865191476,0.5337290779523959,0.3773651185719654,0.8674458744189122
everslc_wsa,99,107709.686448686,305578973.088671,0.3309968096996341,0.5753232219367075,0.424778932832365,0.835377028732169
everslc_wss,1,829598.852604748,3698216001.47086,0.06752519576709345,0.2598561058876498,0.08902993401042006,0.5057464792211175
everslc_wss,10,485652.307362852,5429202694.22004,0.28926441273491993,0.5378330714403121,0.32538184950268323,0.7093508849630589
everslc_wss,11,531481.877008884,3035890454.33156,0.1350576038773834,0.3675018420054291,0.25512296852755395,0.6029213151441782
everslc_wss,12,891137.185731935,21435681120.9124,0.33920169901814107,0.5824102497536776,0.4951292706815956,0.8673118258827339
everslc_wss,13,516389.330202851,3239695945.53289,0.15267207072991168,0.39073273567735745,0.38163664061487196,0.6240157827424977
everslc_wss,14,757326.475993008,7857971067.25689,0.17216862440795389,0.41493207204065813,0.3039601975096766,0.6557155549740328
everslc_wss,15,352881.476378839,2554358624.90033,0.25777097334448945,0.5077115060194022,0.37025938915686557,0.8128263981273931
everslc_wss,16,255944.322868096,557972936.347064,0.10703652399116023,0.327164368462032,0.42780671266823883,0.7056652981398769
everslc_wss,17,638938.430467552,11371539189.417,0.3500346966357555,0.5916373015925851,0.344220096414299,0.7594813663078777
everslc_wss,18,297189.205050526,1596581999.61192,0.22716165915224554,0.4766147911597431,0.4015675916701756,0.7629044983990828
everslc_wss,19,120817.521502576,442162425.457209,0.3806552758896125,0.616972670293922,0.4574795659039382,0.8201394071899702
everslc_wss,2,449764.698398814,3792892875.59783,0.23561867573513728,0.4854056816057443,0.4067864609197306,0.75798893475142
everslc_wss,20,385808.230068771,2687912809.5575,0.22692485438167564,0.47636630273527497,0.2536275949735411,0.7534691395534399
everslc_wss,21,313509.647991643,1324336638.16313,0.1693192894541831,0.41148425176935155,0.5148756561764255,0.8053728711888561
everslc_wss,22,158529.331702721,137802793.934156,0.06890466558882032,0.2624969820565949,0.1615456954479966,0.5323607048571752
everslc_wss,23,661758.98725872,8902783108.85962,0.25546767819760274,0.505438105209335,0.3206954791195821,0.7581227244079257
everslc_wss,24,492112.726986636,8361382524.3917,0.43386914169736945,0.6586874385453009,0.36573845094967694,0.8371185190192747
everslc_wss,25,1455503.31368115,22831781928.9661,0.1354326183140261,0.3680117094795029,0.4034487138763737,0.6292733018610868
everslc_wss,26,184612.796142511,142767532.942987,0.052639980359145355,0.2294340435923696,0.396482000257945,0.7018461112369211
everslc_wss,27,576260.55501821,3385818111.21174,0.12812553782633745,0.35794627784953625,0.35613513055437296,0.7423379468050011
everslc_wss,28,204184.321630619,586952338.375412,0.17691632852366793,0.4206142276762258,0.3945722375067159,0.7154292477705757
everslc_wss,29,762545.43952219,11261113131.0655,0.24336590211488748,0.49332129704168215,0.21696966958438826,0.6396207602483401
everslc_wss,3,44723.6939064666,58536146.9928355,0.367755065713382,0.606428120813491,0.5281097795681927,0.8386121893448851
everslc_wss,30,396168.260815859,1387648556.65439,0.11110407665982804,0.3333227814893966,0.17813498999678032,0.5180262124856533
everslc_wss,31,659912.437473393,8285417546.42853,0.2390846183570362,0.4889627985409895,0.2693259434187675,0.7767133195348895
everslc_wss,32,459666.012683601,5815018130.19527,0.34584073857342,0.5880822549383888,0.35583784759682,0.7372943892242658
everslc_wss,33,185273.330281208,685644927.339889,0.2510055447874857,0.5010045356955222,0.5824318454160674,0.8400412204129192
everslc_wss,4,91480.9607406237,168526383.946226,0.2530558213618551,0.5030465399561507,0.3338095794953043,0.7098905455374289
everslc_wss,5,110356.17433093,167133150.157963,0.1724563498747368,0.4152786412455339,0.31596208811913296,0.7025845931731167
everslc_wss,6,62844.1145476821,64251778.2412134,0.20443996253047275,0.4521503760149634,0.4377986343364488,0.6729482589342667
everslc_wss,7,91506.7038498538,152323885.668364,0.22859780174232763,0.47811902466052075,0.1520065183774663,0.6986582812035262
everslc_wss,8,361920.755344283,730129245.571813,0.07004588541338162,0.26466183218095807,0.2442747060825752,0.47968006413327846
everslc_wss,9,287285.63862963,2310375731.16104,0.35177473582045793,0.5931060072368665,0.34076863884372566,0.7841551771413857
legis_wsa,1,573539.116020362,2380747211.29428,0.09094881880713938,0.30157721864746245,0.0891306565262456,0.5810147942204814
legis_wsa,10,50770.5644056989,31748960.639658,0.15478019649815541,0.3934211439388527,0.26343960079288353,0.5909679391620807
legis_wsa,11,42378.2408460807,35184283.058607,0.2461913105825413,0.4961766929054017,0.36434298743109794,0.73111767808864625
legis_wsa,12,43770.1062014684,50702429.3759592,0.33257027693994434,0.5766890643491901,0.30658597235213514,0.813635566489144
legis_wsa,13,47272.4295829603,96579750.1053047,0.5431003644027802,0.7369534343517101,0.5803008127780529,0.9193767785983762
legis_wsa,14,57809.8206287592,38032000.1358049,0.14300650282184726,0.3781620060527594,0.2548955054620987,0.5939067464106894
legis_wsa,15,76045.4599081844,134168338.781493,0.2915501874861375,0.5399538753320857,0.3865283642341249,0.818062749455543
legis_wsa,16,25789.5129581618,18403352.5021573,0.3477126796509676,0.589671671060233,0.3786581315855827,0.7408988926769517
legis_wsa,17,28262.6233265146,20969256.6075231,0.32988909345836537,0.5743597247878419,0.41411390120082736,0.7442529361811006
legis_wsa,18,33073.2345602332,18484560.1943516,0.21235654160678136,0.46082159411943946,0.23136489504341967,0.5677358701334141
legis_wsa,19,35903.4937294525,16194434.7795236,0.1578709549965282,0.3973297811598423,0.1292733916672883,0.47329326230372376
legis_wsa,2,233866.736044066,758103813.099242,0.17418134353562376,0.4173503846118076,0.27627868267322564,0.5527675316398272
legis_wsa,20,37989.8785459553,45674300.4962511,0.39769117938656356,0.6306276075359876,0.3844882669977905,0.7686396700916382
legis_wsa,21,59445.7607655086,105983390.49628,0.37688243235208874,0.613907511236089,0.3071058297805981,0.8199319838105138
legis_wsa,22,115492.111000102,317646979.01686,0.29926088379081606,0.547047423712804,0.3005207887980402,0.6963808728273388
legis_wsa,23,73441.1538064202,96588984.0595478,0.22503935767236627,0.4743831338405342,0.2151526154786624,0.7049747290085049
legis_wsa,24,125968.838153722,242076176.016613,0.19170598289812482,0.4378424178835632,0.23943524961166252,0.6448824472591306
legis_wsa,25,169597.585897399,953653310.772233,0.41664008647387646,0.6454766351107346,0.4129685440138751,0.7829148342977236
legis_wsa,26,155534.432345435,494517964.639476,0.2568850558352426,0.5068382935762082,0.40644476765648496,0.8918619232769163
legis_wsa,27,175806.969741773,658098793.477374,0.26756467890906477,0.5172665453217178,0.4015803444292978,0.818996486598758
legis_wsa,28,335646.080830257,2488546181.96129,0.2775827076356846,0.5268611844078899,0.43718864575625604,0.7753619404298887
legis_wsa,29,327217.261823325,2208349514.48261,0.2591822536770724,0.509099453620874,0.4173549265470506,0.752402158392187
legis_wsa,3,160122.102708883,515876709.950653,0.25284432836359244,0.5028362838574723,0.3798868018347097,0.6777274865165681
legis_wsa,30,280173.522802171,1036381437.52039,0.16591104859794753,0.4073217998069186,0.37449248831448745,0.6380442081974833
legis_wsa,31,252075.862520276,1139398766.21566,0.22533211087543184,0.4746915955390739,0.2969547678627212,0.7015205802189421
legis_wsa,32,162983.344673317,709440778.803582,0.33561360691692377,0.5793216782728949,0.3544853361655114,0.852890859940184
legis_wsa,33,191425.416578542,1014942120.1436,0.3480582549075155,0.5899646217422834,0.38569688930008245,0.8095211465403745
legis_wsa,34,356531.54097362,5728548395.4968,0.5663156167796881,0.7525394453313979,0.5462876228776834,0.8837200785932647
legis_wsa,35,487040.124798369,6279803413.80397,0.33267979754614285,0.576784012907902,0.34364517464321037,0.7132170468410272
legis_wsa,36,758970.494552891,9601767810.55213,0.2094649093759033,0.45767336537743075,0.4020539378957477,0.7229346976552361
legis_wsa,37,261596.026198065,1082946496.81437,0.19886327151984354,0.4459408834361832,0.21764390645231024,0.7056805143785155
legis_wsa,38,232172.72320526,1039415345.69651,0.24231293483005484,0.49225291754346645,0.31004464780518254,0.7901584488097735
legis_wsa,39,278149.826229069,1666461037.28123,0.2706745616946687,0.5202639346472795,0.2794214843666681,0.721999663249807
legis_wsa,4,83382.3097300648,86426335.37456,0.15620974388078424,0.39523378383025937,0.22483811550774038,0.5672449897904666
legis_wsa,40,296428.065417893,2489814629.36822,0.35607234034807145,0.5967179738771671,0.36246017869294545,0.84327477671368
legis_wsa,41,389687.919080952,2685453464.83361,0.22222535602890167,0.4714078446832442,0.28865197570888146,0.6721213014092704
legis_wsa,42,403297.247380509,2541087727.42855,0.19632653741705905,0.4430875053723125,0.33968238543259505,0.6763662348288124
legis_wsa,43,267035.033193186,959371378.630822,0.16906750304818702,0.41117818892566155,0.3442055589777619,0.7747636435088098
legis_wsa,44,135060.469906387,74560871.1352883,0.05136464899893397,0.2266377042747609,0.3268538359566827,0.6527003855682721
legis_wsa,45,239336.240799137,1327066270.52608,0.29112905072919676,0.5395637596514399,0.2899117039269064,0.6797070461851874
legis_wsa,46,94630.6257291285,234473539.089377,0.3290336226401993,0.5736145244327407,0.48754414205362145,0.8870060921257367
legis_wsa,47,160672.69367884,102504898.679154,0.0498965289877312,0.22337530970931233,0.1251573111706076,0.29093000848618206
legis_wsa,48,92636.7172153726,56371270.041562,0.08254701449658355,0.2873099624039925,0.32856750390689177,0.6101083852692202
legis_wsa,49,390316.726901329,4077490641.66144,0.3363322483429676,0.5799415904580111,0.26792340301942197,0.693630614133908
legis_wsa,5,166489.348612012,539187857.665388,0.24444269275481606,0.4944114609865108,0.35839217819201513,0.8137649185031163
legis_wsa,50,413700.305659891,3500141710.9765,0.25699448790812585,0.5069462376900787,0.33413374550397523,0.7203218326001053
legis_wsa,51,425864.193323875,4328106575.75804,0.29989246788851587,0.5476243857686726,0.3193781820952768,0.6833926071755765
legis_wsa,52,134860.717950886,642782889.691998,0.4441229715893484,0.6664255184109836,0.42629390818640495,0.8675733282960586
legis_wsa,53,331276.937982216,1085309186.34001,0.12427418864975405,0.35252544397497615,0.25122993428428586,0.6634318434404994
legis_wsa,54,107973.865666516,54041743.9567011,0.05825080333843185,0.24135203197493874,0.21730825958491673,0.6190832137611303
legis_wsa,55,130539.252086057,454761878.021297,0.3353603197987378,0.5791030303829688,0.3435369866491801,0.7318956184492811
legis_wsa,56,121187.577580576,333764867.092517,0.2855842648613671,0.5344008466136324,0.29572747050568415,0.7182423742778049
legis_wsa,57,48913.9289846988,45031388.1016229,0.23651576881892947,0.486328868996001,0.3221367124338748,0.7349947547230018
legis_wsa,58,147413.411288377,276282704.700863,0.15976791600774987,0.39970978973218785,0.49031571536839125,0.7504234616551003
legis_wsa,59,319617.302376689,1668785902.40305,0.2052815522301983,0.4530800726474276,0.1894142579520339,0.7266890709210071
legis_wsa,6,347764.595244933,2521018480.61219,0.26194804509001063,0.5118086020086128,0.31531734170707915,0.6713803312076483
legis_wsa,60,188476.307259724,686444791.113385,0.24282978168642122,0.4927776188976334,0.46658907241557884,0.8832294875835482
legis_wsa,61,203707.26164596,554252419.977479,0.16784346649557788,0.4096870348150865,0.3549722599791396,0.8022102188867412
legis_wsa,62,130433.822898763,347955174.660008,0.2570115951378505,0.5069631102337234,0.26532226509555396,0.7931607428451852
legis_wsa,63,126432.324228337,425459350.616213,0.33446578215541833,0.5783301670805513,0.27535088938002805,0.7973264386702349
legis_wsa,64,135276.806797253,91452410.1865439,0.06279981049340667,0.25059890361573145,0.20489025802314373,0.4790186463893643
legis_wsa,65,37260.3952977368,26431898.8684669,0.2392452433433185,0.4891270216858996,0.5326933241655033,0.8639981548755851
legis_wsa,66,57189.1680802302,29271324.9644461,0.11246689033071712,0.3353608360120739,0.17098628539136462,0.5181167540108514
legis_wsa,67,358942.467749693,2696822593.852,0.2630344022077308,0.5128687962897829,0.4737809297066638,0.7774781953736746
legis_wsa,68,371344.053919113,3033800290.70412,0.27646738463642195,0.5258016590278334,0.4307800289337143,0.8210573712436943
legis_wsa,69,344518.994552011,2792558460.65241,0.29565538627767846,0.5437420218060017,0.28096386045865385,0.6838560428812718
legis_wsa,7,51205.8914832565,28469928.3374743,0.13644460706273526,0.36938409151279816,0.17320175674717872,0.5251771778237586
legis_wsa,70,570934.460182765,4066386176.44024,0.15676386805103962,0.39593417136064374,0.1903878767588518,0.6719053091729498
legis_wsa,71,243088.025762197,1369707621.99798,0.2912799581051072,0.5397035835577778,0.3884043133020997,0.8169418479105793
legis_wsa,72,315543.927594641,2253380091.21613,0.28439677229995314,0.5332886388251236,0.3951345986733097,0.8000968629716317
legis_wsa,73,587774.398869668,5246301618.93503,0.1908278632176101,0.4368384864198782,0.25244068935671865,0.581234088689371
legis_wsa,74,1085112.39309197,13954671735.5051,0.1489292634309516,0.3859135439848562,0.3669441343850422,0.655064856590887
legis_wsa,75,282288.85834983,3551973991.79894,0.560134298523458,0.7484212039509957,0.411443139837292,0.9219566271794007
legis_wsa,76,25768.2384882862,12075637.5875524,0.22853381630877154,0.4780521062695693,0.18699436864513114,0.6226232719725812
legis_wsa,77,108429.992271679,81916895.7788653,0.0875557145793458,0.29589814899614664,0.3957013980137858,0.6981786040031819
legis_wsa,78,97256.9999399202,46142803.5546561,0.06130164153618218,0.24759168309170276,0.43908021968841204,0.6366629206474644
legis_wsa,79,166256.998860046,146652035.490307,0.06667117143263077,0.2582076130415809,0.19853008012644222,0.5256624549288939
legis_wsa,8,21764.048016525,13508400.2512261,0.3583722995819289,0.5986420462863672,0.3688230910424073,0.8124894685969503
legis_wsa,80,334786.834807624,1224483531.0268,0.13728594248500053,0.3705211768374386,0.3506008874235684,0.6723692035046847
legis_wsa,81,322848.778707925,1948899112.69146,0.2349637831601758,0.48473062948422796,0.3197913993324409,0.683312427702219
legis_wsa,82,67559.0335774231,141835357.653839,0.39050582399288114,0.6249046519213,0.32867098350173174,0.8646441466074436
legis_wsa,83,152834.307217441,526875447.951842,0.283449777132374,0.5324000160897575,0.26055739767993824,0.7846411161619334
legis_wsa,84,38888.4304347936,42201590.3762967,0.35066938496788386,0.5921734416265929,0.4050898084722697,0.7704575706185358
legis_wsa,85,285141.45312978,1106959540.4473,0.17108852991663026,0.4136284926315284,0.4210998587546436,0.6895092789336339
legis_wsa,86,361546.693330218,1393931089.56992,0.13400542509698096,0.36606751439725016,0.28160734810622134,0.6894169405077224
legis_wsa,87,551404.84472883,8648734793.85166,0.35745492812266993,0.597875344969727,0.24818951252105417,0.7292136773589512
legis_wsa,88,152995.028169237,360106568.857902,0.19332422229917617,0.43968650456794345,0.3124954616684259,0.7195601398155547
legis_wsa,89,311966.805488985,1240132997.76922,0.16012581597919523,0.40015723906883816,0.2049540604530535,0.6229105126043332
legis_wsa,9,34979.4567773167,22387087.927011,0.22992243361390652,0.4795022769642565,0.3115568624169221,0.6674226499843503
legis_wsa,90,52773.7766174361,48708951.2089932,0.21977702671757435,0.46880382540842636,0.42590000715582443,0.6940340795369944
legis_wsa,91,106961.269688742,67371402.8201904,0.07400010828469425,0.27202960920586244,0.37455248427709215,0.726456475947203
legis_wsa,92,420715.166225588,5605378631.42706,0.3979591380380715,0.6308400257102204,0.34956701573632026,0.8463469736389273
legis_wsa,93,372405.368528767,2801754929.94281,0.2538681058442817,0.5038532582451776,0.22910469545359968,0.757311447760116
legis_wsa,94,242764.379679267,992562913.73435,0.2116401108213259,0.4600435966528888,0.453041945575907,0.778823173382092
legis_wsa,95,122964.2704788,121861310.688375,0.10127863368983694,0.31824304185612123,0.23101674293580868,0.5784815636460053
legis_wsa,96,436709.818967775,4835737914.25602,0.3186300309273743,0.5644732331363235,0.3270587046683296,0.7656183116339438
legis_wsa,97,163462.86827225,306452418.46742,0.1441234623086635,0.37963596024173407,0.31608303578218394,0.6506448708746851
legis_wsa,98,51888.7179285607,101574535.257692,0.474076936244753,0.6885324511195917,0.38100968644877503,0.8205081070386901
legis_wsa,99,148986.737663873,356963448.58305,0.202087006827672,0.4495408844895779,0.5113847598270828,0.803929005617359
legis_wss,1,872794.780319848,3654727734.59169,0.06028935148855178,0.24553890015342128,0.08663492452991849,0.4912152082659202
legis_wss,10,468216.987778308,5733277133.96636,0.3286385197931072,0.5732700234558817,0.41121854475397346,0.7084395369015177
legis_wss,11,328654.248593412,2863781664.28486,0.33317412543343367,0.5772123746364363,0.4337264552610645,0.8382315536560746
legis_wss,12,842772.641288538,21610119619.2453,0.38233686722331967,0.6183339447445205,0.5051656025147138,0.8780927451994316
legis_wss,13,446102.992632985,3788822879.79217,0.2392455639997476,0.4891273494702046,0.48209294118209445,0.7933515698771024
legis_wss,14,712680.582632889,7716355821.38495,0.19091157352017213,0.4369342897051823,0.296216385034808,0.6104598671328179
legis_wss,15,336042.722359456,2360998520.38384,0.262734188987344,0.5125760323965061,0.38512532732853344,0.7467489353984851
legis_wss,16,236982.052098829,393349707.818935,0.08801522109161034,0.296673593519225,0.2517689608363838,0.6351656367680816
legis_wss,17,716788.237177967,11905738928.3891,0.2911953794756403,0.5396252213116435,0.24846766512122467,0.6677680341231189
legis_wss,18,289127.428212429,1782133819.97138,0.26789930667265976,0.5175899020196006,0.39434825801253814,0.7692588290746156
legis_wss,19,168680.248580827,833558133.18645,0.36814363203555805,0.6067484091743118,0.38344317498070835,0.7757639965024616
legis_wss,2,442875.879712721,3146632673.65013,0.20160061653377637,0.4489995729772762,0.2935495742443001,0.6796171407339227
legis_wss,20,355240.625202475,2631513397.9508,0.2620415731821281,0.5118999640380218,0.2541258624133993,0.7360289745243994
legis_wss,21,329699.068685491,1327666945.22918,0.1534841615466924,0.3917705470638297,0.5083949427001793,0.803709899844896
legis_wss,22,180175.474377728,147155634.093708,0.056963335306974866,0.23866992962452316,0.18245939993013532,0.4836724440504264
legis_wss,23,680321.126841926,8523181345.19322,0.23141082850911665,0.481051793998439,0.368790132314551,0.7295395841895128
legis_wss,24,675290.668162856,7689473889.62593,0.21189709075951568,0.4603228114698594,0.25046796743393857,0.7607849983468911
legis_wss,25,1424495.04541012,22752947346.0397,0.14090475194586494,0.37537281727086325,0.40240311313546356,0.6346092540308355
legis_wss,26,191600.275786944,140135336.928247,0.04796950824265515,0.21901942435011368,0.37550623310192466,0.6629417283523539
legis_wss,27,504708.44234662,3320034679.41496,0.16378395177234942,0.4047023001816884,0.42844265585945057,0.7571048953814523
legis_wss,28,190732.446268644,710912395.940286,0.2455708384941549,0.4955510452961984,0.276585603265045,0.7161482164311996
legis_wss,29,754552.624912357,11149625423.8786,0.246088360467141,0.4960729386563442,0.21258273467237032,0.6204840035975869
legis_wss,3,52215.0942250484,64365416.5161426,0.2966677350142468,0.5446721353385418,0.3084672824541767,0.7869301996294494
legis_wss,30,471673.591996146,1648948517.83112,0.09313948608060854,0.3051876243896671,0.18348442473558413,0.4648040044236542
legis_wss,31,622453.476084176,8474504964.19913,0.2748592830011342,0.524270238523163,0.29686449995659947,0.857458033437573
legis_wss,32,518691.71853942,5950162138.40808,0.2779201503326129,0.5271813258572547,0.3488848443456343,0.7738820362022527
legis_wss,33,209672.782277171,764990402.308138,0.21866623845210134,0.46761761991193335,0.5623193122396108,0.840110398308668
legis_wss,4,80598.3164059445,117635673.073022,0.22756054521865393,0.4770330651209137,0.3138198111544316,0.7079127308042258
legis_wss,5,116039.39017932,268780089.03234,0.25083958979871385,0.5008388860688774,0.40297162508387746,0.7704425884304326
legis_wss,6,54798.9127142841,57857169.3068175,0.24211581731146192,0.4920526570515211,0.48916789860377774,0.714525508508191
legis_wss,7,101521.309497925,167852125.743635,0.20465496618414575,0.45238807033800715,0.15422935365854082,0.6291039761840462
legis_wss,8,213577.872648193,656312139.139917,0.18080389757144297,0.4252104156431766,0.3106395962433067,0.614688650759417
legis_wss,9,253104.843661998,2106270068.81428,0.4131645082872607,0.6427787397598498,0.3731760502935765,0.8013611540640091
pmc_wsa,1,612323.58042597,2553149330.22911,0.08557050838726499,0.2925243722961644,0.08504183200586868,0.5486356505679603
pmc_wsa,10,40471.8669325096,22151810.8043483,0.16994665484930818,0.4122458669887524,0.2839889927302737,0.6715962478246308
pmc_wsa,11,44233.6183483528,60523388.6074834,0.3887121955722691,0.6234678785408829,0.27629748054315,0.7296629138351417
pmc_wsa,12,30839.4832858751,23687749.7128787,0.312982088274958,0.5594480210662632,0.37156177583278044,0.763511129289116
pmc_wsa,13,54091.5879181366,78204393.7351941,0.33587799804356167,0.5795498236075667,0.42270894450742047,0.7797890884960303
pmc_wsa,14,70131.089078715,127501432.342831,0.32576450428718556,0.5707578333121548,0.33184607988037695,0.7085754370133758
pmc_wsa,15,57907.8377321506,67869419.7270284,0.2543368584177537,0.5043182114674759,0.5620527191666403,0.7975720872780411
pmc_wsa,16,28686.0397193026,17442871.709463,0.26637082745726076,0.516111254922096,0.2980693034631669,0.7939745472213658
pmc_wsa,17,29255.8437685708,19520989.393178,0.286606762411978,0.5353566684108623,0.3872292623502853,0.7431930716132173
pmc_wsa,18,27381.8908754067,15246316.8035678,0.2555335527358102,0.5055032667904434,0.2456710323084899,0.670345030687094
pmc_wsa,19,38615.0817747133,47656284.5951388,0.40162073527273107,0.6337355404841448,0.45127821723793127,0.8218864219833955
pmc_wsa,2,157520.802090788,741039760.438,0.37529739124458067,0.6126152065077888,0.2888423840473425,0.8498900774940948
pmc_wsa,20,37167.4771647481,33791670.4893085,0.30739256516075736,0.5544299461255293,0.3382466593464993,0.6994475833403482
pmc_wsa,21,30155.6100518007,29371010.8285436,0.4058752040421677,0.6370833572164382,0.36700078973201483,0.8373651956596692
pmc_wsa,22,131612.264824701,585885877.85714,0.42504035793762873,0.6519511929106572,0.517925364077204,0.8692868561844891
pmc_wsa,23,93761.2699920861,139507897.076412,0.19941677746422076,0.4465610568155498,0.171554837114894,0.6007192499730623
pmc_wsa,24,77051.5975164106,87773672.6793876,0.1857850826333988,0.43102793718435334,0.19064956730793953,0.6596403205578693
pmc_wsa,25,164835.140435076,454249183.408223,0.21008953236950975,0.45835524690954477,0.15567830394630267,0.6120314988123183
pmc_wsa,26,77379.720695131,123265786.002788,0.2587009942255493,0.5086265764050767,0.4172058816426789,0.895234356226678
pmc_wsa,27,212167.934683449,1588575677.92201,0.44346390334089586,0.6659308547746499,0.39572474321533163,0.8154996404744649
pmc_wsa,28,203173.244161377,1692813830.17017,0.5153307195168195,0.7178653909451405,0.5637311151115285,0.8253718950428508
pmc_wsa,29,356405.579047377,4160494201.64356,0.41159093169951466,0.641553529878462,0.3349789238908199,0.8032864082923108
pmc_wsa,3,88966.2656170705,250846958.327531,0.39826118413909095,0.6310793802201835,0.3323121904133974,0.827593948680186
pmc_wsa,30,127618.25961955,408531827.394348,0.3152173584763367,0.5614422129447845,0.28095946236968516,0.6657481025663425
pmc_wsa,31,130709.753951289,705890909.630043,0.5191961446374349,0.7205526661094488,0.5918985578008401,0.892616226614341
pmc_wsa,32,153919.732936531,841369346.413626,0.4462805370543605,0.6680423168141076,0.437875379384394,0.8726500227945918
pmc_wsa,33,213133.645060898,784617485.699351,0.21705201483322964,0.4658884145728778,0.3797055738214846,0.7397413766658864
pmc_wsa,34,392445.525195717,6005172906.02485,0.4899780416625335,0.6999843152975169,0.41646922393945485,0.8510038115601752
pmc_wsa,35,400255.140655869,3885408842.42251,0.3047703763228976,0.5520601202069368,0.22595597523302838,0.6049996796273689
pmc_wsa,36,571498.774185408,8585373661.70119,0.33032273012535124,0.5747370965279266,0.36759011912134526,0.8448294625624556
pmc_wsa,37,217961.549718697,1184530567.28578,0.3133259478706704,0.5597552571174927,0.27982327051151573,0.7643949330345787
pmc_wsa,38,130932.139901471,308789132.367994,0.22634939577341898,0.4757619108056245,0.27970713035569506,0.8001306715109741
pmc_wsa,39,218595.187478485,1712539201.66616,0.45036972957604254,0.671095916822657,0.40006653836563066,0.8591881819652334
pmc_wsa,4,79552.0864388472,82107569.9217313,0.163038403429485,0.4037801424407657,0.3687591957125901,0.6972272551130083
pmc_wsa,40,280494.049344878,2633875941.03376,0.42068582134940946,0.648602976673257,0.34127302458134234,0.8002325711363395
pmc_wsa,41,195862.771398312,1623821940.46257,0.5319177445690509,0.7293269120010937,0.5228867404344963,0.8802218091021591
pmc_wsa,42,329062.208346552,2409982105.59843,0.27968402821956173,0.5288516126661256,0.43650080570670424,0.775320529312248
pmc_wsa,43,263760.285422681,1431074518.73578,0.25849568903286446,0.5084247132396934,0.41821150831197806,0.7786532686174154
pmc_wsa,44,66771.4075466552,114123075.968172,0.32166386069112446,0.567154177178591,0.4300816687866214,0.7636162638836801
pmc_wsa,45,165475.713936774,877531692.713396,0.4027208800951766,0.6346029310483655,0.4050032522053348,0.9151058252811317
pmc_wsa,46,84880.7502169686,152076841.826784,0.26524947327848636,0.515023759916459,0.5718443614443895,0.8154892849270154
pmc_wsa,47,61260.3360512362,94159176.1693891,0.31529259020965017,0.5615092075911581,0.438170554037725,0.803136708258522
pmc_wsa,48,199796.148595186,893108034.940222,0.28115100232738854,0.5302367417742649,0.3473131519869498,0.7944898809881974
pmc_wsa,49,344033.60137912,4217251432.5763,0.44775210375101965,0.6691428126723171,0.34715987595198616,0.7977074417905368
pmc_wsa,5,174173.01665389,619226904.558203,0.25650623960768876,0.5064644504875823,0.44302556743971494,0.7625956219988481
pmc_wsa,50,350390.650400851,4594325142.26152,0.4702475837725533,0.6857460052909922,0.49232129342506614,0.8189085898685642
pmc_wsa,51,255867.715383325,2311579223.43483,0.4436981966865057,0.6661067457146082,0.4206570654128402,0.8353880979570215
pmc_wsa,52,258257.819706941,1922523283.17792,0.36222173932041457,0.6018486016602635,0.4019792509839967,0.8231848652978851
pmc_wsa,53,222809.596368006,1299756129.82214,0.32900610333659686,0.5735905363032037,0.17853067248406038,0.5833533104923744
pmc_wsa,54,65843.1309889155,63747117.5174731,0.18477766177492508,0.4298577227117422,0.33411919492784503,0.690490626138641
pmc_wsa,55,57437.6293105126,81169898.2403153,0.3091803273031876,0.5560398612538383,0.38156779619933123,0.8490232599200717
pmc_wsa,56,73807.9589365742,111211823.062035,0.25653961155343175,0.5064973954063652,0.34621914164941686,0.709343271497154
pmc_wsa,57,57522.7216714197,42923484.6208113,0.16301440492219046,0.40375042405202555,0.4250841919304045,0.7906504552433838
pmc_wsa,58,137426.771668949,528217015.707202,0.3514629599816286,0.5928431158254507,0.3989471764186799,0.833816156456913
pmc_wsa,59,186607.056307951,1309757010.85584,0.47265523437584933,0.6874992613638572,0.41186029965028237,0.8189121520099768
pmc_wsa,6,44597.752567429,46961262.022423,0.2967041877848122,0.5447055973503597,0.471620744482517,0.7673789906954186
pmc_wsa,60,166087.709601908,667760978.681165,0.30419768792413737,0.5515411933157282,0.26821363812625415,0.7450301890586631
pmc_wsa,61,53062.1694524755,66234570.3986431,0.2956137178344722,0.5437037040838255,0.2936788024389379,0.7777216278958198
pmc_wsa,62,65114.9851000413,96580965.3508978,0.28624605826149346,0.5350196802562439,0.4115140025172981,0.7713501299346514
pmc_wsa,63,45827.5806063093,38582296.6954779,0.23085754901037409,0.48047637716163955,0.43831394088315595,0.7675871461611427
pmc_wsa,64,75951.6501102398,86251085.8272965,0.18788841717016214,0.43346097537167305,0.2524817262277579,0.6898107261444654
pmc_wsa,65,46989.1889224295,52813004.6659129,0.3005763752296757,0.5482484612196149,0.27757269688695374,0.6886678877177375
pmc_wsa,66,171657.63803129,518388577.256012,0.22107468882183534,0.47018580244604935,0.39580516818111405,0.7527606794715678
pmc_wsa,67,354719.273031104,4383929212.32533,0.437828295769462,0.6616859495028302,0.49083952596496866,0.8394609416476632
pmc_wsa,68,183444.641527494,626099034.28663,0.23379910112851632,0.48352776665721725,0.21604702837842155,0.6123908376973601
pmc_wsa,69,194268.532842323,1343194533.4034,0.44724331623771135,0.6687625260417268,0.4058835653803647,0.8821516048866648
pmc_wsa,7,48068.820205707,23454227.0024022,0.12755693116340408,0.35715113210432925,0.190094186454011,0.46340285097026973
pmc_wsa,70,316154.037513841,2758726309.9138,0.3468334819373097,0.5889257015424862,0.32546839544824246,0.8030417405307952
pmc_wsa,71,175104.765889672,1048639494.25486,0.4297740025795774,0.6555715083647071,0.4029160236621978,0.8324834278983649
pmc_wsa,72,326285.304921567,4533622027.74638,0.5351310420788693,0.7315265149527181,0.4479916920085686,0.9036908166169177
pmc_wsa,73,446027.499577877,5386507989.03205,0.3402466836606599,0.5833066806240607,0.2523725298302845,0.6921814928868527
pmc_wsa,74,609610.885895815,10923728114.9555,0.36938165175993376,0.6077677613693686,0.413833013470124,0.7637167915198182
pmc_wsa,75,969308.055694233,10035467381.3389,0.13422203638601898,0.3663632574181246,0.2338897047464682,0.6841108099146089
pmc_wsa,76,56551.4507635436,44002806.2182518,0.1729030827156445,0.41581616456752196,0.29641300161856,0.5716991034170372
pmc_wsa,77,60693.8114215078,46497457.2342631,0.15861718778098585,0.39826773379346947,0.3232120643566009,0.6295554840264717
pmc_wsa,78,84902.6101887693,87332262.2152022,0.1522448076681484,0.3901856066901346,0.3831331118620012,0.6990244566230659
pmc_wsa,79,227373.244983973,2060187353.21682,0.5007694899670776,0.7076506835770582,0.38444153894852845,0.8464953507432837
pmc_wsa,8,26919.6590077092,16858217.3282088,0.2923360695259118,0.54068111630230975,0.37740905988966206,0.6751076926172699
pmc_wsa,80,313036.212876357,3464537914.36798,0.4442894705777115,0.6665504261327206,0.44034882014484894,0.7964946019238567
pmc_wsa,81,337518.985066382,3001614212.32351,0.33110697090601504,0.5754189525085309,0.3087665420342302,0.7024437419497693
pmc_wsa,82,60682.8508996934,108641636.055486,0.37074406665545223,0.6088875648717521,0.4792203678391013,0.8379683693814554
pmc_wsa,83,116705.31571647,453436021.234077,0.41835465542434114,0.6468034132751166,0.38573535053005653,0.7974412915131696
pmc_wsa,84,100843.398659544,226451076.012541,0.2798267990979063,0.5289865774269761,0.3678231716378678,0.7442334680725393
pmc_wsa,85,152229.936153826,111940688.350328,0.060701260101341366,0.2463762571786116,0.2612746938984705,0.5771732483376033
pmc_wsa,86,322773.67743669,2050510611.50972,0.24732935481207446,0.4973221841141561,0.3333318963095311,0.7789098638003955
pmc_wsa,87,351797.781444095,5524734855.88395,0.5609641553816126,0.7489754037227209,0.5346586931948549,0.8926127907868926
pmc_wsa,88,163245.298252942,725767513.691775,0.3422362632391526,0.5850096266209237,0.4622872561369862,0.8703046652788707
pmc_wsa,89,74029.7704358032,189526411.392634,0.43457706070795404,0.6592245904909448,0.4304407931717482,0.8906960981916148
pmc_wsa,9,39254.8403993086,21073204.6937597,0.17185177325690643,0.4145500853418153,0.17338984576272962,0.5970963606494618
pmc_wsa,90,64057.0956813304,96299672.1755768,0.29491725609856306,0.5430628472824882,0.4456988076717925,0.8111272615309479
pmc_wsa,91,278611.824008369,2959168109.13346,0.4790495262004929,0.6921340377416018,0.49657748019233816,0.7920343977100556
pmc_wsa,92,447655.655160411,5454849586.11738,0.3420617342467434,0.584860439974139,0.33410232713791016,0.7847988514495178
pmc_wsa,93,373933.351406281,3797029013.33377,0.3412442763637525,0.5841611732764789,0.3585412099385874,0.7113501403584281
pmc_wsa,94,150582.685758807,553659761.105335,0.30683348113080866,0.5539255194796577,0.3542244267510404,0.7178019494538321
pmc_wsa,95,137231.702095172,560765955.361932,0.3741817514029158,0.6117039736693851,0.49928476602424837,0.7931240321534654
pmc_wsa,96,333905.861358035,4205022328.72076,0.47394733424303975,0.6884383300216801,0.4264509929925586,0.8926216699009524
pmc_wsa,97,155896.673107981,802071828.283432,0.4147147022690671,0.643983464282327,0.39253186426711567,0.8234079656543332
pmc_wsa,98,93940.9737357153,219843256.069336,0.3130494151189875,0.5595081903949105,0.30283705020685664,0.7637282672623636
pmc_wsa,99,82922.6904429527,284716159.866402,0.5203256226911279,0.7213359984716747,0.5585488705126306,0.9227608847705061
pmc_wss,1,697900.745750947,3545036049.52608,0.09146252676203537,0.30242772155018355,0.09097141065131305,0.5415661393361574
pmc_wss,10,501745.655197601,6261839858.83445,0.31256804745938155,0.5590778545599723,0.2673325385863714,0.6987868959151956
pmc_wss,11,342584.166437489,2331877741.82458,0.24967845445910183,0.49967835100102326,0.2708871301246039,0.6828275697276903
pmc_wss,12,945098.386590846,18475955410.2807,0.25993378210726625,0.5098370152384645,0.4400412516992067,0.7976298406428388
pmc_wss,13,312911.791160221,3205858901.33721,0.4114436943316279,0.6414387689652286,0.3920180111139367,0.8342069070659861
pmc_wss,14,514790.64829671,6667679987.06773,0.31617193275462996,0.562291679428595,0.36320725794724346,0.7821887813922068
pmc_wss,15,288261.875496768,2422729287.47434,0.36638723768454556,0.6052992959557657,0.40194057621664186,0.8731505399210521
pmc_wss,16,223442.51568917,1139344052.8613,0.28676961223433556,0.5355087415106644,0.42423533238887823,0.8044078621442945
pmc_wss,17,703628.548331477,11123155798.339,0.28232606868578763,0.5313436446272671,0.3198365185692133,0.72292552755924
pmc_wss,18,367745.800981333,3286026530.56816,0.30534125371047605,0.5525769210802023,0.4810722088399562,0.8355403805724435
pmc_wss,19,107680.846005475,235305205.923943,0.2550142691404688,0.5049893752748357,0.2918316109470671,0.763249521810638
pmc_wss,2,161277.962018153,748295736.497539,0.3615206266304008,0.6012658535376849,0.5464130491902371,0.8253890186234801
pmc_wss,20,388531.770771152,2505735005.22152,0.20858925322620103,0.4567157247415519,0.30005475637443835,0.6470528108027058
pmc_wss,21,109843.774567116,201397832.45909,0.2097556944253429,0.457990932689003,0.16174987954231426,0.6859705299501596
pmc_wss,22,138502.325289448,657452667.746536,0.4306854761682542,0.6562663149730102,0.441936227378762,0.8445645747423985
pmc_wss,23,414601.910984759,6353222780.00721,0.46445254762475274,0.6815075550753291,0.4108324176828489,0.8234506041046584
pmc_wss,24,490568.448472464,8340987831.93618,0.435540079954284,0.6599546044647949,0.5797885032176434,0.819347680279231
pmc_wss,25,1381395.20656489,26345703485.1681,0.1734937260614091,0.4165257807884275,0.3451853707362268,0.6843901178030446
pmc_wss,26,141320.646529371,177832525.661906,0.11189478067376557,0.334506772239017,0.2706629599815165,0.5764968491166343
pmc_wss,27,600420.135404605,8526339479.68176,0.29720902162494134,0.5451688010377531,0.3041382519610856,0.6282696886171161
pmc_wss,28,166882.533748334,788528733.299929,0.3557997326269108,0.5964895075581053,0.5439991395041298,0.8430567392516022
pmc_wss,29,482399.549062631,7687186155.74109,0.41511026789000066,0.6442905151327316,0.568308623904617,0.8855918816310988
pmc_wss,3,76949.7448973165,61385649.0249363,0.1302753795626421,0.3609368082679323,0.21721359739995533,0.5793034533283102
pmc_wss,30,254651.132219046,1011593597.4455,0.19603098090762713,0.44275386040962667,0.2849163588601878,0.70716792693714
pmc_wss,31,784665.633435084,12211046709.6544,0.24922608346630895,0.4992254835906406,0.32799302055933766,0.6942880298377815
pmc_wss,32,379470.353046585,5319448045.02619,0.4642166709932294,0.6813344780599536,0.4481402100462171,0.8577783522826388
pmc_wss,33,200061.80927992,1306631244.20443,0.4102367082374471,0.6404972351520708,0.4808989729317378,0.8168772566373828
pmc_wss,4,100822.732409691,106362949.125634,0.13148714884322535,0.36261156744266354,0.18310171148672663,0.5257247003508143
pmc_wss,5,125460.510537769,273575245.795592,0.218410021266652,0.46734357946445776,0.31228639480873266,0.6502988323898748
pmc_wss,6,53833.5358538672,52210177.904683,0.22639103531803356,0.47580566969933596,0.30324288800267046,0.7667208022649853
pmc_wss,7,64244.9956201711,110818965.913508,0.3374002108365358,0.5808616107443629,0.4471264797861449,0.8055781388718598
pmc_wss,8,177138.708442833,813167447.606033,0.3256588622089163,0.5706652803604898,0.2557899594433077,0.7610784998394189
pmc_wss,9,334204.286759822,2166090647.80945,0.24370388858525333,0.4936637403995287,0.3060692919856596,0.6545425317448087
